"train_ret","train_risk","train_sharpe","test_ret","test_risk","test_sharpe"
0.00063450121224603,0.0116489242242858,0.0544686530729776,0.00061452119738895,0.0086673297898169,0.0709008670826096
0.000700836802288701,0.0117973482697494,0.0594062993025118,0.000414766788713383,0.00834690028787754,0.049691115792501
0.000841486216820578,0.0107478673979611,0.0782933195640473,0.00044591687178682,0.00754900576698003,0.0590696159933136
0.000620883946020098,0.0113895060421946,0.0545136851168009,0.000515404233139135,0.00828630621862568,0.0621995156274369
0.00084155910809877,0.0109423140140361,0.0769086965535146,0.00059227709202371,0.00784557792684838,0.0754918372548282
0.000889491999651909,0.0101498730245651,0.0876357760830235,0.000346478729193103,0.00731343662150642,0.0473756384480345
0.0007802316308205,0.0102593428603415,0.0760508388735659,0.000261574019959955,0.00738393950439396,0.035424724133276
0.000684058677181339,0.0106898595271726,0.0639913626032718,0.000444269019895164,0.00763985737170528,0.0581514808824238
0.000799713327479866,0.0105768524871469,0.0756097646678621,0.000750756330218049,0.00755626342930784,0.0993554998765864
0.00076166543352666,0.0110590567040738,0.0688725497940606,0.00027167057207949,0.00792285348898505,0.034289485784028
0.000689495606195098,0.0114006454845496,0.060478646330115,0.000284405675470692,0.00802674921562877,0.0354322363674861
0.000753327379935716,0.0109144528518629,0.0690210851758032,0.0004330292270265,0.00796720099904006,0.054351487690429
0.000734822530231033,0.0112178496229816,0.0655047584811289,0.000330595418113344,0.00785368447885461,0.0420943086017072
0.000727885902452881,0.0109455341356747,0.066500720150375,0.000452593197808557,0.0076692016830487,0.0590143820065298
0.000727288899776338,0.0107858943553457,0.0674296331686096,0.000544243647158851,0.00800183488908656,0.0680148559302476
0.000599723580734094,0.011221569085344,0.0534438255624488,0.000529810940708541,0.0082024093647213,0.0645921115553274
0.000771584058396947,0.0103225439789065,0.0747474711634685,0.000494072385391418,0.00725282677942409,0.0681213546686481
0.00076003404786948,0.0104678765332305,0.0726063252137852,0.000479414127734072,0.0078238558770341,0.0612759405680426
0.000771647534873407,0.0107624939799526,0.0716978366083887,0.000289312259869135,0.0080323314711329,0.036018466233482
0.000687111772997787,0.0103387044913632,0.0664601424261416,0.000564660684816441,0.00713495079094896,0.0791400951962754
0.000777749697997161,0.0103553149271727,0.0751063297897698,0.000319785978868303,0.00778752388489998,0.0410638841812567
0.000775508157802226,0.0108260286052703,0.0716336697489137,0.000327476143770223,0.00753203133943809,0.0434777988848164
0.000815745218447122,0.0107856106227869,0.0756327339245572,0.000313933956228125,0.00763198858205547,0.0411339656569003
0.000740459821693304,0.0114467863897559,0.064687135452791,0.000406729822460538,0.00826437329330796,0.0492148415887609
0.000816921535931767,0.0104733163983866,0.0780002727748789,0.000333255864605561,0.00751570552671847,0.0443412615649762
0.000813246767073333,0.0107168769838181,0.075884678745617,0.000600456773155132,0.00773270705219427,0.0776515609736882
0.000764265826361776,0.0111944974719658,0.0682715618343491,0.000408465262495872,0.00785699467667065,0.0519874684029895
0.000739142319538538,0.0106404598334253,0.0694652610046645,0.000252049091401179,0.0077659341564769,0.032455733762688
0.000732615875546282,0.0112483402585251,0.065131020106814,0.000451921345464788,0.00786532689820398,0.0574574142071556
0.00076593576019835,0.0111045310442755,0.0689750658667571,0.000129951711294556,0.00835189357525055,0.0155595506723944
0.000686603732459041,0.0109176085361967,0.0628895723988129,0.00056687881743659,0.00756238955812759,0.0749602771821433
0.00073958832935236,0.0109152483192619,0.0677573526245136,0.000248975139742901,0.00809978194017309,0.0307384990832951
0.000632405199396721,0.0109887841029082,0.057550061360233,0.000420848267777165,0.00781355416615984,0.0538613105927953
0.000830973579527751,0.0103844947230309,0.0800206078091412,0.00024968788803918,0.00725296589317036,0.0344256255601994
0.000871308681472908,0.0109038875744295,0.079908076410857,0.000339081737591374,0.00811110235339227,0.0418046429224951
0.000835274221010545,0.0110745570550165,0.0754228107599291,0.00032772250090752,0.0077624941353293,0.0422187115628162
0.000801541750058908,0.0103727739732705,0.0772736157294462,0.000377427704680407,0.00743407221352573,0.0507699809525265
0.000942484218190466,0.0107343160249607,0.087801050015566,0.000233507791951478,0.0080224345356712,0.0291068491632062
0.000830441609358009,0.0102279719552805,0.081193184043614,0.000392462572530194,0.00752580003934676,0.0521489503412663
0.000774741797946947,0.011101061954731,0.069789881464158,0.000543024603121909,0.00805042887969646,0.0674528787517694
0.000749727067371666,0.0109270408534745,0.0686120860556016,0.000509894703034146,0.0077088294855388,0.0661442445951971
0.00084356363991669,0.0106240349926151,0.0794014365072277,0.000545359064902682,0.007786063992944,0.070042972340955
0.00070311752244096,0.0105299931819211,0.0667728373887401,0.000450987677264048,0.00794203884402731,0.056784874277366
0.000881515943607985,0.0111494281185079,0.0790637810512165,0.000638944111612922,0.0082394675081273,0.0775467724076436
0.000812246402627071,0.0115337634323283,0.0704233624517042,0.000345824893501385,0.00818569898748357,0.042247448144645
0.000739178224600015,0.0115337431781184,0.0640883200869578,0.000402147887640222,0.00876863371547122,0.0458620921672984
0.000725152182939174,0.0113291902644961,0.0640074150057915,0.00070967822597114,0.00802818742326692,0.0883983131627425
0.000806582197052956,0.0106082148081994,0.076033735330239,0.00031767417897976,0.00740527934542877,0.0428983383558459
0.000580573655919842,0.0118715205018824,0.0489047427267454,0.000585675781295626,0.00816740921483462,0.0717088817139041
0.000772931393273245,0.0116918660474165,0.0661084714910871,0.000669958970960312,0.0088756192254509,0.0754830681603826
0.000531837021927673,0.0112024130078236,0.0474752199866444,0.000350357394885692,0.00843737458418308,0.0415244566174034
0.000864006728396236,0.010719888476367,0.0805984810663863,0.000401562622367035,0.00769502524176676,0.0521847050205174
0.000720199140034783,0.0115991407257366,0.0620907321554244,0.000508896032366699,0.00824493749374243,0.0617222426189319
0.000757058902339224,0.0106797299109265,0.0708874577029024,0.00050825738522151,0.00784980401240218,0.0647477802526657
0.000776817699025011,0.0105630745627167,0.0735408705498356,0.000351520161244624,0.0079434291799174,0.0442529483530033
0.000763040456218906,0.0110049322525097,0.0693362247682076,0.000401490166117091,0.00777135860583106,0.0516628026682287
0.000721282954689737,0.010764840680392,0.0670035884510159,0.000720868567575043,0.00762881332621586,0.0944928833292893
0.000780934112258896,0.0106090346135557,0.0736102897865047,0.000373736001499268,0.00772002285971084,0.0484112558072486
0.000688287406535053,0.0105914122421011,0.06498542317134,0.000275836660347426,0.00766877426712657,0.0359688068443798
0.000714435205632171,0.0104519001505189,0.0683545762343225,0.000498073525632406,0.00774839060584424,0.0642809005081305
0.000788469115126374,0.0108112824233512,0.07293021162997,0.000428127153306999,0.00792662019359537,0.0540113116120944
0.000800283550547856,0.0100267635331339,0.0798147426039602,0.000371866944627229,0.00734271272842615,0.050644354257195
0.000955979748528744,0.0107736390067459,0.0887332263434996,0.000452530987683285,0.00792490958537155,0.0571023533843975
0.000696385128444392,0.0110267192627949,0.0631543355596309,0.000527677149725451,0.0079934677757886,0.0660135456258085
0.000853009861396875,0.010915996508816,0.0781431050026415,0.000108290781412045,0.008404165626462,0.0128853697351075
0.000761025271572133,0.0098841918890906,0.0769941822367991,0.000270471183186946,0.00741157608325355,0.0364930724786156
0.000749076655158212,0.0106105761143739,0.070597170887211,0.000359705159285817,0.0076379118843743,0.0470946987515927
0.000749572741291134,0.0105208460151283,0.0712464321037773,0.000453400238928749,0.00751662266187762,0.0603196753813756
0.000737011469140783,0.010442600630932,0.0705773872992597,0.000463408966092031,0.00795269650740049,0.0582706715465376
0.000756419815189667,0.0111381732493,0.0679123764964965,0.000510526467349506,0.0078517929795597,0.0650203677909671
0.000627941873733901,0.0118366948874345,0.0530504401528934,0.000652370747244038,0.00828643110427579,0.0787275896021648
0.000639827019839717,0.0108944407008236,0.0587296803397486,0.00063705199036363,0.00783871745742368,0.0812699263398388
0.000625703929175021,0.0112617904542073,0.055559898021479,0.000598616986845986,0.00806153443616622,0.074255961019087
0.000725637140060699,0.0110646702375671,0.0655814519981801,0.000326172492194465,0.00775934248487199,0.0420360994285776
0.000775576476359999,0.0104309264549771,0.0743535561972961,0.000247852695189731,0.00761857264072934,0.0325326943612371
0.000743719337483604,0.0104090308399322,0.071449431644536,0.000296083394605033,0.00738509399582488,0.0400920279108732
0.000728947049306431,0.0106897800760323,0.0681910239613642,9.08242439218123e-05,0.00789386624531442,0.0115056730250178
0.000873516523770177,0.0103190017918152,0.0846512619527825,0.000199170181494604,0.00804271714904469,0.0247640415302012
0.000683830742298168,0.0107857437925116,0.0634013523270358,0.000696765605672341,0.00743019429780748,0.0937748836363464
0.000670473375651707,0.0104916354235362,0.063905516021612,0.000543231570442518,0.00747533326017698,0.0726698799284913
0.000670412951734218,0.0111965757950026,0.0598766054916044,0.000484738524949177,0.00775895834571144,0.06247469097667
0.0008493067207427,0.0109669364434273,0.0774424767685879,0.000117413831072727,0.00823494060789561,0.0142580058148995
0.000742130795068667,0.0111287009643808,0.0666862015112074,0.000486338881793568,0.00793312326603452,0.0613048436894729
0.000859998928839855,0.011199666124673,0.0767879077167547,0.000411236418392435,0.00814952480730327,0.0504613984393178
0.000687352072165985,0.0113430338722603,0.0605968455976246,0.000468086567113234,0.00764614182896339,0.0612186613306248
0.000625601507136599,0.0112591424258901,0.0555638683189624,0.000582886504085351,0.00803722430694534,0.0725233590384745
0.000647445733573116,0.0110013323386232,0.0588515748497188,0.000383261740185401,0.00803778527066961,0.0476825054762221
0.00058918896860148,0.0115158674320876,0.0511632295244884,0.000489165069954946,0.0077828695205675,0.0628515059467781
0.000781678514684812,0.010640631063383,0.0734616687702627,0.000437866048277747,0.00753652983459931,0.0580991594125397
0.00065744157055687,0.0119786576481879,0.0548844110805961,0.000522328427384718,0.00875347009880254,0.059671012922769
0.000696105407882468,0.0106827704804713,0.0651615055434345,0.000501007691836337,0.0075973911739143,0.0659447013280757
0.000613631624474127,0.0115482520437041,0.0531363207307785,9.28058086960376e-05,0.00904358783703924,0.0102620564280848
0.00069702587402463,0.0109515642732406,0.0636462387138399,0.000365620556793347,0.00764449804645719,0.0478279351464799
0.000703757507418479,0.0116114707840768,0.0606088169625821,0.000263639296278165,0.00853209903728086,0.0308996994908519
0.000773460487477748,0.0107941699905034,0.0716553925089406,0.000524849408432312,0.00793296892520797,0.0661605274621131
0.00092121429211108,0.0107344922085827,0.0858181527557052,0.000432958582313397,0.00756426556676397,0.0572373588013277
0.000746727408819449,0.0107045317542593,0.0697580637772714,0.000186454921174743,0.00770257288497889,0.0242068363336564
0.000689913836386088,0.0108047238951446,0.0638529816292777,0.000322468497018406,0.00781129021104042,0.0412823603151539
0.000723002281559827,0.0103689723202173,0.069727477249614,0.00040612023472291,0.00751367755584643,0.0540507935966597
0.000707440994235311,0.0112972246627661,0.062620777700113,0.000355110929468132,0.00816437099862083,0.0434951975514243
